jurisdiction,name,jurisdiction_type,contributing_studies,eligible_recruiting_cohort,cohort_representation_pct,undetermined_recruiting_studies,older_posted_update_contributors
national_50_states,50-state distinct union,national,18,35,51.43,0,2
AK,Alaska,state,0,35,0.0,0,0
AL,Alabama,state,3,35,8.57,0,0
AR,Arkansas,state,0,35,0.0,0,0
AZ,Arizona,state,11,35,31.43,0,0
CA,California,state,15,35,42.86,0,1
CO,Colorado,state,6,35,17.14,0,0
CT,Connecticut,state,5,35,14.29,0,0
DE,Delaware,state,0,35,0.0,0,0
FL,Florida,state,14,35,40.0,0,0
GA,Georgia,state,8,35,22.86,0,0
HI,Hawaii,state,1,35,2.86,0,0
IA,Iowa,state,1,35,2.86,0,0
ID,Idaho,state,1,35,2.86,0,0
IL,Illinois,state,8,35,22.86,0,1
IN,Indiana,state,2,35,5.71,0,0
KS,Kansas,state,0,35,0.0,0,0
KY,Kentucky,state,0,35,0.0,0,0
LA,Louisiana,state,5,35,14.29,0,0
MA,Massachusetts,state,10,35,28.57,0,0
MD,Maryland,state,2,35,5.71,0,0
ME,Maine,state,0,35,0.0,0,0
MI,Michigan,state,9,35,25.71,0,0
MN,Minnesota,state,3,35,8.57,0,0
MO,Missouri,state,6,35,17.14,0,0
MS,Mississippi,state,6,35,17.14,0,0
MT,Montana,state,0,35,0.0,0,0
NC,North Carolina,state,8,35,22.86,0,0
ND,North Dakota,state,0,35,0.0,0,0
NE,Nebraska,state,1,35,2.86,0,0
NH,New Hampshire,state,1,35,2.86,0,0
NJ,New Jersey,state,9,35,25.71,0,0
NM,New Mexico,state,1,35,2.86,0,0
NV,Nevada,state,5,35,14.29,0,0
NY,New York,state,12,35,34.29,0,0
OH,Ohio,state,11,35,31.43,0,0
OK,Oklahoma,state,5,35,14.29,0,0
OR,Oregon,state,2,35,5.71,0,0
PA,Pennsylvania,state,6,35,17.14,0,0
RI,Rhode Island,state,4,35,11.43,0,0
SC,South Carolina,state,5,35,14.29,0,0
SD,South Dakota,state,0,35,0.0,0,0
TN,Tennessee,state,5,35,14.29,0,0
TX,Texas,state,13,35,37.14,0,0
UT,Utah,state,3,35,8.57,0,0
VA,Virginia,state,3,35,8.57,0,0
VT,Vermont,state,2,35,5.71,0,0
WA,Washington,state,7,35,20.0,0,0
WI,Wisconsin,state,2,35,5.71,0,0
WV,West Virginia,state,0,35,0.0,0,0
WY,Wyoming,state,0,35,0.0,0,0
DC,District of Columbia,additional_jurisdiction,1,35,2.86,0,0
PR,Puerto Rico,additional_jurisdiction,0,35,0.0,0,0
GU,Guam,additional_jurisdiction,0,35,0.0,0,0
VI,U.S. Virgin Islands,additional_jurisdiction,0,35,0.0,0,0
AS,American Samoa,additional_jurisdiction,0,35,0.0,0,0
MP,Northern Mariana Islands,additional_jurisdiction,0,35,0.0,0,0
